Name,Platform,Profile URL,Followers,Engagement Rate,Niche,Content Themes,Contact Email,Website,Audience Age,Audience Gender,Audience Geography
Zara,YouTube,https://youtube.com/@zara.lab,12612,4.23%,Beauty & Fashion,"makeup tutorials, skincare routines",Not Found,Not Found,25-34,Balanced,UK
Ava,TikTok,https://tiktok.com/@ava.studio,41886,4.63%,Beauty & Fashion,"clean beauty product reviews, sustainable fashion hauls",ava.collabs@gmail.com,Not Found,35-44,60% Female,US
Liam,YouTube,https://youtube.com/@liam.loop,75751,2.17%,Beauty & Fashion,"clean beauty product reviews, sustainable fashion hauls",Not Found,Not Found,35-44,Balanced,Australia
Omar,TikTok,https://tiktok.com/@omar.curated,31687,3.90%,Beauty & Fashion,"makeup tutorials, capsule wardrobe styling",omar.collabs@gmail.com,Not Found,18-24,55% Male,India
Zara,TikTok,https://tiktok.com/@zara.edit,80199,3.87%,Beauty & Fashion,"seasonal outfit lookbooks, sustainable fashion hauls",zara.collabs@creatormail.com,Not Found,25-34,70% Female,Germany
Omar,YouTube,https://youtube.com/@omar.daily,27302,2.41%,Beauty & Fashion,"skincare routines, clean beauty product reviews",omar.collabs@outlook.com,Not Found,18-24,70% Female,Germany
Leo,TikTok,https://tiktok.com/@leo.loop,64993,4.38%,Beauty & Fashion,"drugstore beauty dupes, capsule wardrobe styling",leo.collabs@gmail.com,Not Found,25-34,60% Female,Canada
Zara,Instagram,https://instagram.com/zara.glow,60745,2.68%,Beauty & Fashion,"makeup tutorials, skincare routines",zara.collabs@outlook.com,Not Found,18-24,55% Male,Australia
Freya,Instagram,https://instagram.com/freya.edit,34609,2.89%,Beauty & Fashion,"capsule wardrobe styling, sustainable fashion hauls",freya.collabs@talent-mgmt.co,Not Found,35-44,55% Male,Canada
Ava,YouTube,https://youtube.com/@ava.daily,19813,3.85%,Beauty & Fashion,"drugstore beauty dupes, GRWM (get ready with me)",Not Found,Not Found,18-24,55% Male,UAE
Liam,TikTok,https://tiktok.com/@liam.daily,34446,2.88%,Beauty & Fashion,"clean beauty product reviews, drugstore beauty dupes",liam.collabs@gmail.com,Not Found,18-24,70% Female,Canada
Elena,YouTube,https://youtube.com/@elena.diaries,62796,4.46%,Beauty & Fashion,"seasonal outfit lookbooks, skincare routines",elena.collabs@talent-mgmt.co,Not Found,18-24,60% Female,Australia
Sarah,TikTok,https://tiktok.com/@sarah.edit,60968,3.05%,Beauty & Fashion,"capsule wardrobe styling, skincare routines",Not Found,Not Found,35-44,Balanced,Germany
Isla,TikTok,https://tiktok.com/@isla.vibes,78201,5.20%,Beauty & Fashion,"sustainable fashion hauls, capsule wardrobe styling",Not Found,Not Found,25-34,Balanced,Canada
Sarah,YouTube,https://youtube.com/@sarah.glow,8855,4.42%,Beauty & Fashion,"clean beauty product reviews, seasonal outfit lookbooks",sarah.collabs@talent-mgmt.co,Not Found,25-34,Balanced,UAE
Nina,YouTube,https://youtube.com/@nina.vibes,64110,3.77%,Beauty & Fashion,"GRWM (get ready with me), skincare routines",nina.collabs@gmail.com,Not Found,25-34,Balanced,UK
Kabir,TikTok,https://tiktok.com/@kabir.lab,85058,4.39%,Beauty & Fashion,"capsule wardrobe styling, skincare routines",kabir.collabs@creatormail.com,Not Found,25-34,55% Male,Australia
Sarah,YouTube,https://youtube.com/@sarah.studio,46669,2.04%,Beauty & Fashion,"seasonal outfit lookbooks, capsule wardrobe styling",sarah.collabs@talent-mgmt.co,Not Found,18-24,55% Male,Philippines
Chloe,Instagram,https://instagram.com/chloe.notes,48149,2.33%,Beauty & Fashion,"sustainable fashion hauls, drugstore beauty dupes",Not Found,Not Found,35-44,60% Female,US
James,TikTok,https://tiktok.com/@james.notes,51434,4.35%,Beauty & Fashion,"makeup tutorials, seasonal outfit lookbooks",james.collabs@gmail.com,Not Found,25-34,55% Male,Philippines
Ava,TikTok,https://tiktok.com/@ava.vibes,27292,3.24%,Beauty & Fashion,"sustainable fashion hauls, makeup tutorials",ava.collabs@talent-mgmt.co,Not Found,18-24,70% Female,Canada
Ruby,Instagram,https://instagram.com/ruby.life,29018,2.06%,Beauty & Fashion,"drugstore beauty dupes, skincare routines",Not Found,Not Found,18-24,55% Male,Canada
Kabir,TikTok,https://tiktok.com/@kabir.edit,29930,4.06%,Beauty & Fashion,"GRWM (get ready with me), clean beauty product reviews",kabir.collabs@creatormail.com,Not Found,25-34,55% Male,Australia
Diego,Instagram,https://instagram.com/diego.lab,32120,3.78%,Beauty & Fashion,"capsule wardrobe styling, sustainable fashion hauls",diego.collabs@talent-mgmt.co,Not Found,25-34,Balanced,India
Leo,YouTube,https://youtube.com/@leo.co,25728,2.81%,Beauty & Fashion,"sustainable fashion hauls, makeup tutorials",leo.collabs@outlook.com,Not Found,18-24,60% Female,UAE
Leo,TikTok,https://tiktok.com/@leo.vibes,35184,4.27%,Beauty & Fashion,"clean beauty product reviews, capsule wardrobe styling",leo.collabs@outlook.com,Not Found,35-44,70% Female,Germany
Diego,YouTube,https://youtube.com/@diego.vibes,37596,4.14%,Beauty & Fashion,"sustainable fashion hauls, seasonal outfit lookbooks",diego.collabs@gmail.com,Not Found,18-24,Balanced,UK
Ryan,YouTube,https://youtube.com/@ryan.edit,12698,3.50%,Beauty & Fashion,"capsule wardrobe styling, skincare routines",ryan.collabs@creatormail.com,Not Found,18-24,Balanced,UAE
Grace,Instagram,https://instagram.com/grace.studio,26353,2.78%,Beauty & Fashion,"GRWM (get ready with me), clean beauty product reviews",grace.collabs@outlook.com,Not Found,18-24,55% Male,Canada
James,Instagram,https://instagram.com/james.curated,39684,2.64%,Beauty & Fashion,"capsule wardrobe styling, drugstore beauty dupes",james.collabs@gmail.com,Not Found,25-34,55% Male,Canada
Maya,Instagram,https://instagram.com/maya.loop,85590,2.35%,Beauty & Fashion,"capsule wardrobe styling, sustainable fashion hauls",Not Found,Not Found,18-24,70% Female,Australia
Leo,TikTok,https://tiktok.com/@leo.daily,13858,3.44%,Beauty & Fashion,"GRWM (get ready with me), makeup tutorials",leo.collabs@gmail.com,Not Found,25-34,55% Male,Australia
